<?xml version="1.0" encoding="UTF-8"?><patch>
    <patchfiles>
        <patchfile>
            <relativepath>plugins/com.ibm.ws.admin.services.jar</relativepath>
            <operation>archive</operation>
            <fileinarchive operation="archive-update">com/ibm/ws/management/application/AppUtils$2.class</fileinarchive>
            <fileinarchive operation="archive-update">com/ibm/ws/management/application/AppUtils.class</fileinarchive>
            <fileinarchive operation="archive-update">com/ibm/ws/management/application/DefaultTaskProvider.class</fileinarchive>
            <fileinarchive operation="archive-update">com/ibm/ws/management/application/client/AppDeploymentOptions.class</fileinarchive>
            <fileinarchive operation="archive-update">com/ibm/ws/management/application/client/AppDeploymentOptionsHelper.class</fileinarchive>
            <fileinarchive operation="archive-update">com/ibm/ws/management/application/AppUtils$1.class</fileinarchive>
        </patchfile>
    </patchfiles>
    <name>8.5.5.9-WS-WAS-IFPI73197-2s-8.5.5009-1i</name>
    <description>8.5.5.9-WS-WAS-IFPI73197-2s-8.5.5009-1i</description>
</patch><?metadata version='0.0.4'?>