<?xml version="1.0" encoding="UTF-8"?><patch>
    <patchfiles>
        <patchfile>
            <relativepath>systemApps/isclite.ear/wsccore-core_module.jar</relativepath>
            <operation>archive</operation>
            <fileinarchive operation="archive-update">com/ibm/ws/console/core/action/SyncWorkSpaceAction$1.class</fileinarchive>
            <fileinarchive operation="archive-update">com/ibm/ws/console/core/action/SyncWorkSpaceAction$2.class</fileinarchive>
            <fileinarchive operation="archive-update">com/ibm/ws/console/core/action/SyncWorkSpaceAction.class</fileinarchive>
        </patchfile>
    </patchfiles>
    <name>8.5.5.7-WS-WASProd-IFPI89498-1s-8.5.5007-1i</name>
    <description>8.5.5.7-WS-WASProd-IFPI89498-1s-8.5.5007-1i</description>
</patch><?metadata version='0.0.4'?>